المنطقة,المحطة,الـ Unit,سيريال الريليف,الشركة,الضغط,srv_id,vessel_id
Alex,ابو المطامير كتكوت,ابو المطامير كتكوت,,EKC,300 BAR,46effbb5-632c-4ea8-929f-0c92b587395f,52d49030-9b30-4d69-b95f-af8cb6306dd2
Alex,ابو المطامير كتكوت,ابو المطامير كتكوت,,EKC,300 BAR,0ce397c1-33c2-4f38-adf6-cc95ad6dd33c,52d49030-9b30-4d69-b95f-af8cb6306dd2
Alex,ابو المطامير كتكوت,ابو المطامير كتكوت,,EKC,300 BAR,4c18b367-e89e-4edb-8b58-3944d9c53be2,52d49030-9b30-4d69-b95f-af8cb6306dd2
Alex,الجلاء,الجلاء,,EKC,300 BAR,0d97e660-3c9b-44e6-92ab-56589de6a861,2207094f-bcf4-47a3-aa31-a5c4fe93119f
Alex,الجلاء,الجلاء,,EKC,300 BAR,befb2cfa-4a19-4f3a-ab5b-a31c275a6a74,2207094f-bcf4-47a3-aa31-a5c4fe93119f
Alex,الجلاء,الجلاء,,EKC,300 BAR,d1504928-278f-4990-996b-3e39dafb94ed,2207094f-bcf4-47a3-aa31-a5c4fe93119f
Alex,الدخيله,الدخيله,39834,Mercer,5500 PSI,2cf129ab-797a-4c8f-a75f-af85a6fdc7a4,b32a4062-00cf-44f5-8125-ac44da88579e
Alex,الدخيله,الدخيله,42784,Mercer,5500 PSI,9f03be26-29be-4e0e-ba12-cedcbde0f36e,b32a4062-00cf-44f5-8125-ac44da88579e
Alex,الدخيله,الدخيله,79577,Mercer,5500 PSI,66df6ec8-40cc-49b4-84a5-04004400c331,b32a4062-00cf-44f5-8125-ac44da88579e
Alex,العطف المحموديه,العطف المحموديه,21-03022,COI,300 BAR,9d62b195-836a-478b-8d49-800841556cac,181c617b-eccd-41be-9c78-52bb45047a45
Alex,العطف المحموديه,العطف المحموديه,21-03161,COI,300 BAR,e0c10d2c-d196-4f45-b103-83dce4b1e45e,181c617b-eccd-41be-9c78-52bb45047a45
Alex,العطف المحموديه,العطف المحموديه,21-03588,COI,300 BAR,810c450d-3186-4bc7-86f7-3d38f675b8f0,181c617b-eccd-41be-9c78-52bb45047a45
Alex,العلمين,العلمين 1,,EKC,300 BAR,66b0ac85-950f-4382-a604-1f5b68a17ef5,6451b4d0-fcf5-4764-a0c4-2591188f874f
Alex,العلمين,العلمين 1,,EKC,300 BAR,a2309d09-aa6d-41c6-97e0-f44a3df50374,6451b4d0-fcf5-4764-a0c4-2591188f874f
Alex,العلمين,العلمين 1,,EKC,300 BAR,e59c5ed0-d164-4ac4-a414-71e9d38abb52,6451b4d0-fcf5-4764-a0c4-2591188f874f
Alex,النوباريه,النوباريه 57,,,,4d73b5b4-7c5b-44e8-a525-89a1c1013468,84d73d4f-79bd-4abd-87e5-8da1f583ec47
Alex,خيريبتا,خيريبتا,,EKC,300 BAR,4720827d-f5bd-4613-b3ea-c3a33140431b,2b341b51-9942-42ca-b9af-4016a3896398
Alex,خيريبتا,خيريبتا,,EKC,300 BAR,0561594a-c5fb-41c7-8ed1-aab7336bbaa9,2b341b51-9942-42ca-b9af-4016a3896398
Alex,خيريبتا,خيريبتا,,EKC,300 BAR,38e6d647-a44a-4f58-b68c-e5b372951e89,2b341b51-9942-42ca-b9af-4016a3896398
Alex,سيدي بشر,سيدي بشر 1,1646842,Mercer,3750 PSI,df8f98bb-598d-458e-93f6-e9431a7a5221,1ddc4c54-8c03-4582-85ca-cbcfa05052a5
Alex,سيدي بشر,سيدي بشر 1,529136,Mercer,3750 PSI,81645816-a89b-4cfc-b5fb-09fff220e7ce,1ddc4c54-8c03-4582-85ca-cbcfa05052a5
Alex,سيدي بشر,سيدي بشر 1,530759,Mercer,3750 PSI,2b7d8820-f821-4404-9932-2b5fdf111e32,1ddc4c54-8c03-4582-85ca-cbcfa05052a5
Alex,سيدي بشر,سيدي بشر 1,530762,Mercer,3750 PSI,a73b0c94-e66e-4111-82cc-9044af80d665,1ddc4c54-8c03-4582-85ca-cbcfa05052a5
Alex,سيدي بشر,سيدي بشر 2,121351,Mercer,5500 PSI,c8db11b7-e03e-4d5b-bbf5-ad406f6c4719,4160ab88-cbe8-47f6-99e5-942f4b19181f
Alex,سيدي بشر,سيدي بشر 2,24960,Mercer,5500 PSI,7e4b98b3-3cfe-477d-abbf-907788d654c5,4160ab88-cbe8-47f6-99e5-942f4b19181f
Alex,سيدي بشر,سيدي بشر 2,517928,Mercer,5500 PSI,11769c5e-3887-4004-b1ec-8f65b1bb5274,4160ab88-cbe8-47f6-99e5-942f4b19181f
Alex,سيدي بشر,سيدي بشر 2,62020,Mercer,5500 PSI,3b791936-264c-4fd5-a01e-306a3e9587aa,4160ab88-cbe8-47f6-99e5-942f4b19181f
Alex,سيدي بشر,سيدي بشر 2,99778,Mercer,5500 PSI,ddf23601-8dd6-4267-b4a0-3efd13da53aa,4160ab88-cbe8-47f6-99e5-942f4b19181f
Alex,غيط العنب,غيط العنب 1,,EKC,300 BAR,8b294661-0c8b-464a-b5a5-af79be945e77,ed0fa84c-ab07-48a5-bc1d-43d91365f3a5
Alex,غيط العنب,غيط العنب 1,,EKC,300 BAR,b72cb040-85e8-452c-89c6-c8f5415140f0,ed0fa84c-ab07-48a5-bc1d-43d91365f3a5
Alex,غيط العنب,غيط العنب 1,,EKC,300 BAR,d962a1c4-6e8b-4a6c-8504-85142229001e,ed0fa84c-ab07-48a5-bc1d-43d91365f3a5
Alex,كينج مريوط,كينج مريوط,,,,810be44d-d0da-46b9-a14a-7f0fc35d23ba,e154db64-03ef-495c-9fdb-4b7c53c90933
Alex,كينج مريوط,كينج مريوط,,,,543372fd-9200-46a4-ac0d-f92457bb18bb,e154db64-03ef-495c-9fdb-4b7c53c90933
Alex,كينج مريوط,كينج مريوط,,,,9cf108f9-4a50-4388-b2fa-dc1469370e5b,e154db64-03ef-495c-9fdb-4b7c53c90933
Alex,محرم بك,محرم بك 1,1207798,Mercer,4000 PSI,7a962c75-0b57-4af7-a378-12223aaaf9eb,91f17d2d-521d-421e-b6c7-28537a9eac1b
Alex,محرم بك,محرم بك 1,1614540,Mercer,3976 PSI,83dc7ec1-2c00-4b1a-9855-7c9e96ac72ef,91f17d2d-521d-421e-b6c7-28537a9eac1b
Alex,محرم بك,محرم بك 1,1628661,Mercer,4000 PSI,7296e325-a947-49e7-b389-e9c1780f2572,91f17d2d-521d-421e-b6c7-28537a9eac1b
Alex,محرم بك,محرم بك 1,1709578,Mercer,3976 PSI,992981a3-c94b-471b-9334-028f0aa69c6e,91f17d2d-521d-421e-b6c7-28537a9eac1b
Alex,موبيل العوايد,موبيل العوايد,1237083,Mercer,5500 PSI,674ac850-fccf-4b36-ae82-7e7771c66f12,019bb6a7-fa39-47c0-8a8f-0383a77683d7
Alex,موبيل العوايد,موبيل العوايد,530,Mercer,5500 PSI,727c0b69-6faa-4f2b-967d-9b6b25a38d69,019bb6a7-fa39-47c0-8a8f-0383a77683d7
Alex,موبيل العوايد,موبيل العوايد,62009,Mercer,5500 PSI,4b158a8f-7b49-476f-9341-6026a7b0b176,019bb6a7-fa39-47c0-8a8f-0383a77683d7
Alex,موبيل العوايد,موبيل العوايد,62022,Mercer,5500 PSI,a7aaef0b-a9f0-45d2-9614-1c9703184e90,019bb6a7-fa39-47c0-8a8f-0383a77683d7
Alex,موبيل العوايد,موبيل العوايد,79597,Mercer,5500 PSI,2c35f153-f340-4b52-a10a-c208e6f227c7,019bb6a7-fa39-47c0-8a8f-0383a77683d7
Alex,موبيل العوايد,موبيل العوايد,84123,Mercer,5500 PSI,516a0328-0c5b-4ed9-b623-445d914a82a8,019bb6a7-fa39-47c0-8a8f-0383a77683d7
Canal,التعاون شرم الشيخ,التعاون شرم الشيخ,,EKC,300 BAR,4f695b39-a55d-4309-83e4-c44af5db061f,330d9822-b521-4434-af8b-467358c6f94f
Canal,التعاون شرم الشيخ,التعاون شرم الشيخ,,EKC,300 BAR,89d51499-f06e-48b8-807e-b4f2bd5ea1b5,330d9822-b521-4434-af8b-467358c6f94f
Canal,التعاون شرم الشيخ,التعاون شرم الشيخ,,EKC,300 BAR,ea26ef2a-5162-410a-8bd7-7b06812e861e,330d9822-b521-4434-af8b-467358c6f94f
Canal,المساعيد 1 (العريش),المساعيد 1 (العريش),,EKC,300 BAR,0bab41d1-cf6f-4675-b657-1b6a515bd745,a23d3631-4dd2-405e-92f9-44435cd2d975
Canal,المساعيد 1 (العريش),المساعيد 1 (العريش),,EKC,300 BAR,651f86f8-86fd-4622-a70d-ee6bbd8a09d5,a23d3631-4dd2-405e-92f9-44435cd2d975
Canal,المساعيد 1 (العريش),المساعيد 1 (العريش),,EKC,300 BAR,ec1756f3-3a23-4e17-8cca-adbcd228cb68,a23d3631-4dd2-405e-92f9-44435cd2d975
Canal,المساعيد 2 (العريش),المساعيد 2 (العريش),,EKC,300 BAR,2986ed6b-56cf-406d-be59-b520f41a8610,3df0e6d8-80b5-4084-90fa-f7c20fcac9c4
Canal,المساعيد 2 (العريش),المساعيد 2 (العريش),,EKC,300 BAR,86770f15-7460-4e47-9503-f3315f7e4f26,3df0e6d8-80b5-4084-90fa-f7c20fcac9c4
Canal,المساعيد 2 (العريش),المساعيد 2 (العريش),,EKC,300 BAR,b4b0a9ce-48a1-4e7a-aad6-54d4d9d429ac,3df0e6d8-80b5-4084-90fa-f7c20fcac9c4
Canal,النافوره (العريش),النافوره (العريش),1621378,Mercer,4000 PSI,571174e2-ac3b-4f21-85c9-ecce161724ab,152d376e-1b6b-4715-92fd-af0ca2928f94
Canal,النافوره (العريش),النافوره (العريش),1646845,Mercer,4000 PSI,92aa205f-f611-4bf4-9a30-6dc5eeb137ba,152d376e-1b6b-4715-92fd-af0ca2928f94
Canal,النافوره (العريش),النافوره (العريش),668304,Mercer,4000 PSI,6ddd0156-452b-4faf-8517-2b5deb1fd892,152d376e-1b6b-4715-92fd-af0ca2928f94
Canal,كفر الواسطي,كفر الواسطي,265089,Technical,306 BAR,836f749a-dc1f-410c-9b19-f66e58b0658e,a3e4de7a-1dee-4b48-9fa3-74d4cdad8f06
Canal,كفر الواسطي,كفر الواسطي,265296,Technical,306 BAR,0035d8f4-5e22-4444-a839-e82c87aa0142,a3e4de7a-1dee-4b48-9fa3-74d4cdad8f06
Canal,موبيل شرم الشيخ,موبيل شرم الشيخ,,EKC,300 BAR,5995791a-4fb5-4564-845c-0b5b83df8a61,ccc7ce34-0c37-4af5-b0dc-44ed7fd16110
Canal,موبيل شرم الشيخ,موبيل شرم الشيخ,,EKC,300 BAR,b8c87a44-07de-4b77-8199-80c90ba578a0,ccc7ce34-0c37-4af5-b0dc-44ed7fd16110
Canal,موبيل شرم الشيخ,موبيل شرم الشيخ,,EKC,300 BAR,cd43728d-a321-4e5e-8d83-c0584b686c97,ccc7ce34-0c37-4af5-b0dc-44ed7fd16110
Canal,وطنيه شرم الشيخ,وطنيه شرم الشيخ,,EKC,300 BAR,600f06a5-60aa-47d5-b639-be29fc3aeb3b,78006748-254e-4c8a-b5fd-44092a7f4b60
Canal,وطنيه شرم الشيخ,وطنيه شرم الشيخ,,EKC,300 BAR,986f4802-de36-4834-98fc-4c3090f90ed4,78006748-254e-4c8a-b5fd-44092a7f4b60
Canal,وطنيه شرم الشيخ,وطنيه شرم الشيخ,,EKC,300 BAR,c71b119c-ba22-482e-a872-5ba7ab1b0fef,78006748-254e-4c8a-b5fd-44092a7f4b60
Canal,وطنيه عز الدين,وطنيه عز الدين,,EKC,300 BAR,ae58db49-0e70-4f78-9420-a98ee1d3b1ea,39594c2e-0713-4eab-8cea-81d0c6402a6b
Canal,وطنيه عز الدين,وطنيه عز الدين,,EKC,300 BAR,b49246aa-8041-4cc5-8f36-0cc03fc84490,39594c2e-0713-4eab-8cea-81d0c6402a6b
Canal,وطنيه عز الدين,وطنيه عز الدين,,EKC,300 BAR,e82d709e-a034-4aae-9c9a-32438c6fae3d,39594c2e-0713-4eab-8cea-81d0c6402a6b
Delta,أتــريب / بنــها 1,أتــريب / بنــها 1,1608277,Mercer,5500 PSI,8350f887-b2eb-45fe-bdb5-97458b0d9acb,ea82f317-388d-45f0-a351-bff054fc986a
Delta,أتــريب / بنــها 1,أتــريب / بنــها 1,1608278,Mercer,5500 PSI,5716b0b4-58b5-4d9a-bacf-00338d4bb8bf,ea82f317-388d-45f0-a351-bff054fc986a
Delta,أتــريب / بنــها 1,أتــريب / بنــها 1,1608279,Mercer,5500 PSI,194735d7-fe82-4cbc-87b0-dc7886c16e35,ea82f317-388d-45f0-a351-bff054fc986a
Delta,أتــريب / بنــها 1,أتــريب / بنــها 1,94272,Mercer,5500 PSI,71b3eaf4-df36-4749-9129-e1f4145fff74,ea82f317-388d-45f0-a351-bff054fc986a
Delta,الدراســـات / المنصــوره 2,الدراســـات / المنصــوره 2,39824,Mercer,5500 PSI,a1bfc47d-3191-434d-ad0a-ae9f83562b65,32b9742a-e9d9-4855-96b4-4ae2ce0d361e
Delta,الدراســـات / المنصــوره 2,الدراســـات / المنصــوره 2,546,Mercer,5500 PSI,c0ab8259-7554-4115-8283-36f4378e827b,32b9742a-e9d9-4855-96b4-4ae2ce0d361e
Delta,الدراســـات / المنصــوره 2,الدراســـات / المنصــوره 2,79586,Mercer,5500 PSI,87f29900-e93d-4e8a-8363-67bf2fde4ff7,32b9742a-e9d9-4855-96b4-4ae2ce0d361e
Delta,الدراســـات / المنصــوره 2,الدراســـات / المنصــوره 2,94268,Mercer,5500 PSI,389697bb-c3a3-445f-884e-aeb4a5ed7e85,32b9742a-e9d9-4855-96b4-4ae2ce0d361e
Delta,الدراســـات / المنصــوره 2,الدراســـات / المنصــوره 2,94339,Mercer,5500 PSI,61289e10-332c-4b57-92d3-f2b24689f5b5,32b9742a-e9d9-4855-96b4-4ae2ce0d361e
Delta,الدراســـات / المنصــوره 2,الدراســـات / المنصــوره 2,94340,Mercer,5500 PSI,d23913e8-62d2-49c2-acde-e0163ce078b0,32b9742a-e9d9-4855-96b4-4ae2ce0d361e
Delta,العيادية / شربين,العيادية / شربين,264856,Technical,306 BAR,e6783c2e-601b-4c74-b3f5-2e35ca7da284,1e0e671a-9654-4362-874f-edfe41bf3eee
Delta,العيادية / شربين,العيادية / شربين,264980,Technical,306 BAR,86f4e8f0-df8c-46f0-9bf2-cd59445ff712,1e0e671a-9654-4362-874f-edfe41bf3eee
Delta,النخلة / المنصــورة 1,النخلة / المنصــورة 1,62021,Mercer,5500 PSI,428bad73-bd1d-4878-af52-ac36d6b04fd8,f327b961-b210-46c3-acf9-0ba903d47328
Delta,النخلة / المنصــورة 1,النخلة / المنصــورة 1,79593,Mercer,5500 PSI,f293107f-c5ba-4547-874f-01efc3a6bc5a,f327b961-b210-46c3-acf9-0ba903d47328
Delta,النخلة / المنصــورة 1,النخلة / المنصــورة 1,79594,Mercer,5500 PSI,8375bc03-ef40-41f8-86e0-6bb77bd6f965,f327b961-b210-46c3-acf9-0ba903d47328
Delta,النخلة / المنصــورة 1,النخلة / المنصــورة 1,94277,Mercer,5500 PSI,40bbad4f-ac90-40de-ba3b-c48d45f39696,f327b961-b210-46c3-acf9-0ba903d47328
Delta,النخلة / المنصــورة 1,النخلة / المنصــورة 1,a98967,Mercer,5500 PSI,133875bf-cf18-4153-aed3-1a455be84b5b,f327b961-b210-46c3-acf9-0ba903d47328
Delta,بريما / السادات 3,بريما / السادات 3,,EKC,300 BAR,56f7eb6b-ad59-457e-9d9a-7cfe35775af1,a311135d-14a6-41a9-b362-2c295ba74d2f
Delta,بريما / السادات 3,بريما / السادات 3,,EKC,300 BAR,95773f6d-6fc9-4d9b-a52f-647a99546109,a311135d-14a6-41a9-b362-2c295ba74d2f
Delta,بريما / السادات 3,بريما / السادات 3,,EKC,300 BAR,bd89e8e6-0a8c-4552-8d42-c4a75a4d696a,a311135d-14a6-41a9-b362-2c295ba74d2f
Delta,بلبيس الحصان,بلبيس الحصان,264640,Technical,306 BAR,b11b19cd-be23-427e-8cf4-023d2657f24a,05262a3a-489c-4cf5-90b2-204b26a4f044
Delta,بلبيس الحصان,بلبيس الحصان,265014,Technical,306 BAR,0e9b08aa-e628-4333-a7dd-114109d39697,05262a3a-489c-4cf5-90b2-204b26a4f044
Delta,ثنــاء المندوة / طنــطا 1,ثنــاء المندوة / طنــطا 1,1237082,Mercer,5500 PSI,a871046a-fa43-493b-b647-31644977ccab,bdb2a6c2-acd4-4697-9dcc-ae9cdf80e492
Delta,ثنــاء المندوة / طنــطا 1,ثنــاء المندوة / طنــطا 1,1409043,Mercer,5500 PSI,6ac27594-c040-4279-8578-f6eb1d612092,bdb2a6c2-acd4-4697-9dcc-ae9cdf80e492
Delta,ثنــاء المندوة / طنــطا 1,ثنــاء المندوة / طنــطا 1,1465501,Mercer,5500 PSI,83d9e8cc-f997-48a5-8d01-59bdc7f741cd,bdb2a6c2-acd4-4697-9dcc-ae9cdf80e492
Delta,ثنــاء المندوة / طنــطا 1,ثنــاء المندوة / طنــطا 1,518360,Mercer,5500 PSI,947b6b34-eb89-40e1-9efc-2341bb077c5b,bdb2a6c2-acd4-4697-9dcc-ae9cdf80e492
Delta,ثنــاء المندوة / طنــطا 1,ثنــاء المندوة / طنــطا 1,62012,Mercer,5500 PSI,08888933-54b9-4114-a753-d157ca834b8a,bdb2a6c2-acd4-4697-9dcc-ae9cdf80e492
Delta,ثنــاء المندوة / طنــطا 1,ثنــاء المندوة / طنــطا 1,91237,Mercer,5500 PSI,9e21d79a-313f-469b-b942-4f7af6037bd5,bdb2a6c2-acd4-4697-9dcc-ae9cdf80e492
Delta,حي الورش/ السادات 4,حي الورش/ السادات 4,264645,Technical,306 BAR,36a61639-974d-4276-972f-c7c04000c869,d781559d-df1c-413d-b1d6-ec87da977d63
Delta,حي الورش/ السادات 4,حي الورش/ السادات 4,264669,Technical,306 BAR,cd5fb160-a984-41bb-96f3-ae1a8d2e53ff,d781559d-df1c-413d-b1d6-ec87da977d63
Delta,حي الورش/ السادات 4,حي الورش/ السادات 4,264836,Technical,306 BAR,68704f37-dec6-420d-9550-e7ffc06f310b,d781559d-df1c-413d-b1d6-ec87da977d63
Delta,حي الورش/ السادات 4,حي الورش/ السادات 4,264936,Technical,306 BAR,40edc72e-32d5-4dc3-a743-ebe4a5bce61d,d781559d-df1c-413d-b1d6-ec87da977d63
Delta,عزبة مختار,عزبة مختار,21-02958,COI,300 BAR,d6f44847-8a7b-43cf-a965-06664695afbb,19d275ef-76fe-41a0-8aaf-7973074c4261
Delta,عزبة مختار,عزبة مختار,21-03000,COI,300 BAR,b724a374-a840-4d68-bdca-4c6ee1fc10c0,19d275ef-76fe-41a0-8aaf-7973074c4261
Delta,عزبة مختار,عزبة مختار,21-03875,COI,300 BAR,85dc616e-82c5-4fe9-bba7-cfc642c028c6,19d275ef-76fe-41a0-8aaf-7973074c4261
Delta,علي زكي / الزقازيــق 1,علي زكي / الزقازيــق 1,1610404,Mercer,4000 PSI,34f55878-fb93-420e-9f3d-4c62b288046c,afad02d1-7bcc-428f-a31c-1faabdba0c52
Delta,علي زكي / الزقازيــق 1,علي زكي / الزقازيــق 1,1621394,Mercer,4000 PSI,0bc3b4a5-26b9-4c7a-8705-428ad3d148aa,afad02d1-7bcc-428f-a31c-1faabdba0c52
Delta,علي زكي / الزقازيــق 1,علي زكي / الزقازيــق 1,1709586,Mercer,4000 PSI,15290d92-52a8-4689-bf24-7567bbf9bab4,afad02d1-7bcc-428f-a31c-1faabdba0c52
Delta,قطور / امال,قطور / امال,21-03033,COI,300 BAR,015c311e-4347-42be-b5fa-5d9fc5685ac9,f093cc1a-94b2-464e-9762-b4adbf195482
Delta,قطور / امال,قطور / امال,21-03056,COI,300 BAR,37a07179-efa1-4388-9050-e0d9bff09f90,f093cc1a-94b2-464e-9762-b4adbf195482
Delta,قطور / امال,قطور / امال,21-03070,COI,300 BAR,e234eb65-dd29-4454-a000-022a86cfaead,f093cc1a-94b2-464e-9762-b4adbf195482
Delta,مجمـع المواقف / شــبين الكوم 1,مجمـع المواقف / شــبين الكوم 1,1237085,Mercer,5500 PSI,b8611d22-85ef-4513-9168-ef2eaed2c8b8,3a5b4e93-b160-46b9-b65c-46312e83bb02
Delta,مجمـع المواقف / شــبين الكوم 1,مجمـع المواقف / شــبين الكوم 1,520,Mercer,5500 PSI,ca0e11e6-20ee-435d-953e-cb1f2fab363c,3a5b4e93-b160-46b9-b65c-46312e83bb02
Delta,مجمـع المواقف / شــبين الكوم 1,مجمـع المواقف / شــبين الكوم 1,79596,Mercer,5500 PSI,f15556d7-51f3-4f62-ab81-70da60c6e1cc,3a5b4e93-b160-46b9-b65c-46312e83bb02
Delta,ميت جابر المعاهدة,ميت جابر المعاهدة,21-03805,COI,300 BAR,2f7569ee-3261-4c60-b3b9-84fcacc77c44,845b1ff8-d376-4197-b753-3e61dfb44d12
Delta,ميت جابر المعاهدة,ميت جابر المعاهدة,21-03894,COI,300 BAR,a7a18600-95c7-4546-87dd-ca5288ce549b,845b1ff8-d376-4197-b753-3e61dfb44d12
Delta,ميت جابر المعاهدة,ميت جابر المعاهدة,21-03900,COI,300 BAR,63106d51-090e-4782-8648-52fb1a995696,845b1ff8-d376-4197-b753-3e61dfb44d12
Delta,هيهيا الجديدة / نجوان,هيهيا الجديدة / نجوان,,EKC,300 BAR,29e4df98-8976-41ef-b871-0d86c69fdcef,caecb85a-ad80-4e85-9903-aa5e60f3ec83
Delta,هيهيا الجديدة / نجوان,هيهيا الجديدة / نجوان,,EKC,300 BAR,61550d5b-d6e0-4972-8044-60284e036dbf,caecb85a-ad80-4e85-9903-aa5e60f3ec83
Delta,هيهيا الجديدة / نجوان,هيهيا الجديدة / نجوان,,EKC,300 BAR,d68c4dc0-bfff-4646-b5ad-fd9564898344,caecb85a-ad80-4e85-9903-aa5e60f3ec83
East,آل حكيم العاشر,آل حكيم العاشر,,EKC,300 BAR,ac17dc46-0ced-4ad2-88b7-2f721918d1a1,da997631-3286-434f-b0f1-60efe36ba4dc
East,آل حكيم العاشر,آل حكيم العاشر,,EKC,300 BAR,73b33f35-4e85-47e7-9b1c-82596ae53981,da997631-3286-434f-b0f1-60efe36ba4dc
East,آل حكيم العاشر,آل حكيم العاشر,,EKC,300 BAR,a62ebea5-3b9e-4256-ba6e-278124e874fd,da997631-3286-434f-b0f1-60efe36ba4dc
East,الاوسطى,الاوسطى,21-03028,COI,300 BAR,34d45fa4-3fed-4b60-acce-4865d78acce2,2db2030c-8801-4876-9357-a1563b7e9083
East,الاوسطى,الاوسطى,21-03621,COI,300 BAR,6e7f1df5-6408-4506-a51e-1a4fbe4a1faa,2db2030c-8801-4876-9357-a1563b7e9083
East,الاوسطى,الاوسطى,24-03586,COI,300 BAR,3b9bd191-1349-4c79-a261-7624521ff5d9,2db2030c-8801-4876-9357-a1563b7e9083
East,التجمع,التجمع 1,302627,Technical,306 BAR,2c9d6258-a36b-42f0-bce2-5de750816694,a49722b1-4343-41a6-beb3-6da14058959d
East,التجمع,التجمع 1,302628,Technical,306 BAR,5b2ac93c-598c-4a97-aba4-64fafb192846,a49722b1-4343-41a6-beb3-6da14058959d
East,التجمع,التجمع 1,302629,Technical,306 BAR,44464957-d23a-45d1-860e-c0bbb34eb2b0,a49722b1-4343-41a6-beb3-6da14058959d
East,التجمع,التجمع 1,302630,Technical,306 BAR,cad3acc8-d211-480e-995b-e8194fd9a866,a49722b1-4343-41a6-beb3-6da14058959d
East,الفردوس,الفردوس 1,,EKC,300 BAR,6ff96053-7928-4ad0-9b50-176fb0b90389,090bd962-aba0-48a5-a7a3-1f6820f77f49
East,الفردوس,الفردوس 1,,EKC,300 BAR,a3d07726-2e7e-4879-b727-51225cc8b004,090bd962-aba0-48a5-a7a3-1f6820f77f49
East,الفردوس,الفردوس 1,,EKC,300 BAR,dbf88efe-d3c7-498b-8206-fe7a1ea3c043,090bd962-aba0-48a5-a7a3-1f6820f77f49
East,الفردوس,الفردوس 2,,EKC,300 BAR,4db662fa-9011-4cfa-9616-8ed769cd2d98,37c275bd-97b1-46bf-bef2-61cd629836f8
East,الفردوس,الفردوس 2,,EKC,300 BAR,4c5b0f76-7d52-4bf9-a12e-a0355f68aec1,37c275bd-97b1-46bf-bef2-61cd629836f8
East,الفردوس,الفردوس 2,,EKC,300 BAR,c0dab848-26bc-4dd4-9aac-c4e27912abc2,37c275bd-97b1-46bf-bef2-61cd629836f8
East,القطامية إسو,القطامية إسو 1,1237084,Mercer,5500 PSI,0ac3e242-3cd7-4747-b173-1ae0bb708c49,dc895d14-e9fb-4672-9c82-adeadfa79e6f
East,القطامية إسو,القطامية إسو 1,1608269,Mercer,5500 PSI,89587a38-723e-462b-99c6-bb481a793642,dc895d14-e9fb-4672-9c82-adeadfa79e6f
East,القطامية إسو,القطامية إسو 1,1608273,Mercer,5500 PSI,6e315e05-b6b5-4d5a-b8fd-557114d02fc4,dc895d14-e9fb-4672-9c82-adeadfa79e6f
East,القطامية جراج,القطامية جراج 2,39840,Mercer,5500 PSI,3d837ac1-3dad-4d7b-a697-a4d4023cceb7,8d678536-9293-473c-b821-15d87a212833
East,القطامية جراج,القطامية جراج 2,42786,Mercer,5500 PSI,633965b9-3eee-42d0-b1dc-9ba7c35bee40,8d678536-9293-473c-b821-15d87a212833
East,القطامية جراج,القطامية جراج 2,79567,Mercer,5500 PSI,dc8f7a4b-26d2-41c5-b1dc-9b33e13c31fd,8d678536-9293-473c-b821-15d87a212833
East,الماظة,الماظة 1,,EKC,300 BAR,4470a1ee-c870-41ae-8db2-2f9d121842c8,88b1d76f-d7d1-4caa-9668-1324da1137e5
East,الماظة,الماظة 1,,EKC,300 BAR,41986403-f9d9-4a71-a898-fb6ee3d6fb77,88b1d76f-d7d1-4caa-9668-1324da1137e5
East,الماظة,الماظة 1,,EKC,300 BAR,c86976fc-6268-44e1-87bf-0093aea7d4ac,88b1d76f-d7d1-4caa-9668-1324da1137e5
East,الماظة,الماظة 2,25005,Mercer,5500 PSI,d262b425-11e4-4181-aeba-cc6f9bc20e27,ad970aba-fe02-490c-91b6-750f1549492b
East,الماظة,الماظة 2,29972,Mercer,5500 PSI,95fc6230-dfe2-40fd-90cd-22bc8f04a163,ad970aba-fe02-490c-91b6-750f1549492b
East,الماظة,الماظة 2,39122,Mercer,5500 PSI,b45ef6ec-548e-4c1a-bf7d-96e254786ff7,ad970aba-fe02-490c-91b6-750f1549492b
East,الماظة,الماظة 2,436248,Mercer,5500 PSI,d8bc4b07-23fc-4a60-9d1c-b420eefd0746,ad970aba-fe02-490c-91b6-750f1549492b
East,الماظة,الماظة 2,518365,Mercer,5500 PSI,3685a2ba-b3a6-4e30-b900-ec1b03e9ce05,ad970aba-fe02-490c-91b6-750f1549492b
East,الماظة,الماظة 2,a79406,Mercer,5500 PSI,c1118ee8-a03f-4946-abd1-b8aef00e481c,ad970aba-fe02-490c-91b6-750f1549492b
East,جاردينيا,جاردينيا 1,36150,Mercer,5500 PSI,15e1eeb4-f691-445e-bcf9-22026db68fc7,55089893-ee9c-4364-9475-3aa596a90ef7
East,جاردينيا,جاردينيا 1,543,Mercer,5500 PSI,dff7d382-6463-468d-a4fe-610716b47085,55089893-ee9c-4364-9475-3aa596a90ef7
East,جاردينيا,جاردينيا 1,79590,Mercer,5500 PSI,338e6cd4-99f0-45a5-9359-2068dfb252cc,55089893-ee9c-4364-9475-3aa596a90ef7
East,شبرا,شبرا 1,25006,Mercer,5500 PSI,53a4b36d-175a-4705-a1c8-a09e39410d2d,a077816f-ed2b-478b-aef7-03bf2bf2318e
East,شبرا,شبرا 1,25009,Mercer,5500 PSI,6ee46079-3b04-47aa-9139-8399cc986e1b,a077816f-ed2b-478b-aef7-03bf2bf2318e
East,شبرا,شبرا 1,25010,Mercer,5500 PSI,621c82db-cb6d-42c3-b453-1bd437eb965e,a077816f-ed2b-478b-aef7-03bf2bf2318e
East,شبرا,شبرا 1,a70608,Mercer,5500 PSI,6faa2789-d1e5-4afa-984c-b3af050253bb,a077816f-ed2b-478b-aef7-03bf2bf2318e
East,شبرا,شبرا 1,a75605,Mercer,5500 PSI,fa48a22a-dc10-4484-b05e-4c23a0a2cddc,a077816f-ed2b-478b-aef7-03bf2bf2318e
East,شبرا,شبرا 3,,EKC,300 BAR,32dd7a34-ef07-49f0-b9a9-9df15f9bbfdf,b6458e33-dba1-42ea-abde-b74a770f11a4
East,شبرا,شبرا 3,,EKC,300 BAR,ac8a62ba-c820-4a43-aedc-3fcb83510f17,b6458e33-dba1-42ea-abde-b74a770f11a4
East,شبرا,شبرا 3,,EKC,300 BAR,d39a93c6-4ac0-4b28-87a9-9e0efdba1402,b6458e33-dba1-42ea-abde-b74a770f11a4
East,شبرا,شبرا 4,,EKC,300 BAR,9099da46-a09d-4a4a-86ec-0178eb568bdd,9b5ad614-e5c4-4a32-9f83-90e31028d13f
East,شبرا,شبرا 4,,EKC,300 BAR,a7b3984b-f0d3-4b40-95d3-611b8b418adc,9b5ad614-e5c4-4a32-9f83-90e31028d13f
East,شبرا,شبرا 4,,EKC,300 BAR,ad3da134-2c72-4c10-9f7d-8df53f080758,9b5ad614-e5c4-4a32-9f83-90e31028d13f
East,صقر قريش,صقر قريش 2,264652,Technical,306 BAR,958e86b9-2be2-410b-a342-06f18440b52b,b7e950bd-23bb-4e6b-897e-0fc6c62e9e3d
East,صقر قريش,صقر قريش 2,265196,Technical,306 BAR,f3fa1b4c-0fe9-429e-9ac3-94569433f2e8,b7e950bd-23bb-4e6b-897e-0fc6c62e9e3d
East,موبيل 15 مايو,موبيل 15 مايو 1,264576,Technical,306 BAR,c927a1ef-5187-43a0-9335-9877eaf5cf29,d8a90d97-59d2-45f2-a1ec-814bc8994e6c
East,موبيل 15 مايو,موبيل 15 مايو 1,265139,Technical,306 BAR,dd744b1e-f790-46ed-ae9c-198509005dba,d8a90d97-59d2-45f2-a1ec-814bc8994e6c
East,موبيل 15 مايو,موبيل 15 مايو 1,265159,Technical,306 BAR,7466279d-9469-4106-a8f4-ac486bcb5943,d8a90d97-59d2-45f2-a1ec-814bc8994e6c
East,موبيل-العاشر الجديدة,موبيل-العاشر الجديدة,21-02973,COI,300 BAR,5b1bdf83-e572-46cc-9c80-dba4b7c204dd,aa3a2de0-d8ae-43b8-9e7c-4715014048f9
East,موبيل-العاشر الجديدة,موبيل-العاشر الجديدة,21-03673,COI,300 BAR,f5696db0-0318-4363-9362-01f446da7e34,aa3a2de0-d8ae-43b8-9e7c-4715014048f9
East,موبيل-العاشر الجديدة,موبيل-العاشر الجديدة,22-00093,COI,300 BAR,9f3392e3-7cb8-46ce-8963-7f414be34d90,aa3a2de0-d8ae-43b8-9e7c-4715014048f9
East,نفق العبور,نفق العبور 1,,EKC,300 BAR,0b9bd31f-aaab-4853-beeb-380adb070594,c5c2ee40-80af-4073-a287-95932080df68
East,نفق العبور,نفق العبور 1,,EKC,300 BAR,570822b4-22d8-42fa-b26e-9309ff5609e0,c5c2ee40-80af-4073-a287-95932080df68
East,نفق العبور,نفق العبور 1,,EKC,300 BAR,5ccc0faa-d510-4a85-a6cb-54e325e1f5d2,c5c2ee40-80af-4073-a287-95932080df68
East,نفق العبور,نفق العبور 1,,EKC,300 BAR,a2612f31-35a4-4715-9895-c6b1e8cf668d,c5c2ee40-80af-4073-a287-95932080df68
East,نفق العبور,نفق العبور 1,,EKC,300 BAR,c6ecd7b7-18b0-4a33-8d7e-26c5c51c59a1,c5c2ee40-80af-4073-a287-95932080df68
East,نفق العبور,نفق العبور 1,,EKC,300 BAR,db3e9e6c-1747-43fb-9216-5f5bffb68394,c5c2ee40-80af-4073-a287-95932080df68
East,نفق العبور,نفق العبور 2,,EKC,300 BAR,06de8778-2565-4d9f-98c0-d1a23467684d,d3649262-3cc6-4c35-9f66-abfee7fa7035
East,نفق العبور,نفق العبور 2,,EKC,300 BAR,2c430679-090f-4963-9acd-216598007994,d3649262-3cc6-4c35-9f66-abfee7fa7035
East,نفق العبور,نفق العبور 2,,EKC,300 BAR,5f92e02b-a1c0-40aa-8287-43b1a82d015b,d3649262-3cc6-4c35-9f66-abfee7fa7035
East,نفق العبور,نفق العبور 2,,EKC,300 BAR,68aa14bd-f889-4405-85ba-c9c80cfc5acf,d3649262-3cc6-4c35-9f66-abfee7fa7035
East,نفق العبور,نفق العبور 2,,EKC,300 BAR,b5f38251-3a02-4b31-81f3-7c284226fff8,d3649262-3cc6-4c35-9f66-abfee7fa7035
East,نفق العبور,نفق العبور 2,,EKC,300 BAR,e7289ba0-a117-4dd0-84f0-84b6ba8ab31b,d3649262-3cc6-4c35-9f66-abfee7fa7035
Upper,ابنوب,ابنوب,21-03166,COI,300 BAR,03be9d56-50e6-4463-bb21-6ea6050836d3,95681190-e76f-4621-bc6b-77176484b05f
Upper,ابنوب,ابنوب,21-03822,COI,300 BAR,8e79d726-595d-4681-ba09-5c83f7e8187f,95681190-e76f-4621-bc6b-77176484b05f
Upper,ابنوب,ابنوب,21-03893,COI,300 BAR,2cb2b0d1-cb9d-4bce-b2fd-e45004bfbffa,95681190-e76f-4621-bc6b-77176484b05f
Upper,اطلس اسوان,اطلس اسوان,1614529,Mercer,3976 PSI,5c057cd7-9c56-495f-b0c9-b93573626730,a41a31fe-5a34-463b-8932-b1fad483ee2e
Upper,اطلس اسوان,اطلس اسوان,1621369,Mercer,3976 PSI,c70d8e05-6700-4984-91dc-93e066a1150a,a41a31fe-5a34-463b-8932-b1fad483ee2e
Upper,اطلس اسوان,اطلس اسوان,1621388,Mercer,3976 PSI,6ac0834c-6773-4dc6-b7a3-176759d53a4f,a41a31fe-5a34-463b-8932-b1fad483ee2e
Upper,السليين,السليين,1610403,Mercer,4000 PSI,3bce15fb-8c1c-4974-ad06-4c6c46e24201,70c1763f-a079-4b87-a199-404b3b999699
Upper,السليين,السليين,1610415,Mercer,4000 PSI,90877a69-869f-4de1-895d-88d7f6f6a669,70c1763f-a079-4b87-a199-404b3b999699
Upper,السليين,السليين,1621393,Mercer,4000 PSI,3d92749a-b2f5-4de8-a914-46d38d15bce5,70c1763f-a079-4b87-a199-404b3b999699
Upper,السليين,السليين,512763,Mercer,4000 PSI,ed3a0c0d-ee78-4a1d-ab31-947bc0987407,70c1763f-a079-4b87-a199-404b3b999699
Upper,الشنطور,الشنطور,21-03832,COI,300 BAR,6d0e2a1b-dd9a-4d82-9729-57c0ea0c1b71,9fbe0260-63c2-4b30-aa37-e3377f8f446b
Upper,الشنطور,الشنطور,21-03885,COI,300 BAR,f9e9f033-95ef-4c20-a6f9-364560746821,9fbe0260-63c2-4b30-aa37-e3377f8f446b
Upper,الشنطور,الشنطور,21-03891,COI,300 BAR,f3d58a78-f06b-4b3c-9210-8c772f336513,9fbe0260-63c2-4b30-aa37-e3377f8f446b
Upper,الغردقه الضوي,الغردقه الضوي,264630,Technical,306 BAR,acf9a1ce-a70f-4754-9efb-dae577a27781,3b2c996c-48f2-4968-81dd-e5b096a625a6
Upper,الغردقه الضوي,الغردقه الضوي,265140,Technical,306 BAR,4ba9af4f-621e-425c-8fe6-921285aab038,3b2c996c-48f2-4968-81dd-e5b096a625a6
Upper,النيل اخميم,النيل اخميم,21-03631,COI,300 BAR,72ea74e2-6020-41c5-aaee-4607d76e22ee,9cfd3582-be7d-45fd-a0ec-03d17f8dd2de
Upper,النيل اخميم,النيل اخميم,21-03708,COI,300 BAR,6e876621-7023-46bb-8be3-d9cfa8edab19,9cfd3582-be7d-45fd-a0ec-03d17f8dd2de
Upper,النيل اخميم,النيل اخميم,22-00100,COI,300 BAR,b42979e4-79ee-4312-a648-36f662ca7b69,9cfd3582-be7d-45fd-a0ec-03d17f8dd2de
Upper,ايزيس,ايزيس,264902,Technical,306 BAR,ba25ea34-1580-436e-90af-bbe0f0b7241e,bc463c4b-dfb4-4d32-9cc4-577a49528ee4
Upper,ايزيس,ايزيس,265075,Technical,306 BAR,3d4d13d3-2e5f-484b-84e3-a3bbab4a3065,bc463c4b-dfb4-4d32-9cc4-577a49528ee4
Upper,سوهاج الروافع,سوهاج الروافع 2,522,Mercer,5500 PSI,351bfe38-4cf6-433c-83cb-18cff9aeb0ee,2bab0c15-2209-4c42-8d62-da4e32749cc8
Upper,سوهاج الروافع,سوهاج الروافع 2,62011,Mercer,5500 PSI,4f3fe369-a627-407d-ad34-1a4a9e80085b,2bab0c15-2209-4c42-8d62-da4e32749cc8
Upper,سوهاج الروافع,سوهاج الروافع 2,79566,Mercer,5500 PSI,061c987e-ebcd-44ef-96bd-0d2d854aaa05,2bab0c15-2209-4c42-8d62-da4e32749cc8
Upper,شلبي,شلبي,264928,Technical,306 BAR,a54f1ceb-22ed-44fb-8d39-cec409ba9c71,95b265d4-d5f9-43c5-ad11-292a3eb6ad15
Upper,شلبي,شلبي,265116,Technical,306 BAR,a2f1edf4-e188-49f6-9ce8-0237aacd504d,95b265d4-d5f9-43c5-ad11-292a3eb6ad15
West,البراجيل القديمة,البراجيل القديمة,21-03158,COI,300 BAR,e15a034e-6bf0-43db-96dd-66c2396077a2,49602aef-a357-429d-82bb-296312f7fc3d
West,البراجيل القديمة,البراجيل القديمة,21-03177,COI,300 BAR,aebadd11-8026-4344-8a65-d455c8bb5feb,49602aef-a357-429d-82bb-296312f7fc3d
West,البراجيل القديمة,البراجيل القديمة,21-03181,COI,300 BAR,398c2ef0-1a12-4240-988e-b10ab844d6e9,49602aef-a357-429d-82bb-296312f7fc3d
West,الودي الصف,الودي الصف,,EKC,300 BAR,2143c163-3f5a-47af-b871-5b0e0db5bead,f400239b-499e-4d35-a564-1827d76e8eb9
West,الودي الصف,الودي الصف,,EKC,300 BAR,988fe484-0194-463b-a40d-ef34b5b50094,f400239b-499e-4d35-a564-1827d76e8eb9
West,الودي الصف,الودي الصف,,EKC,300 BAR,c3a64b8f-52d5-415d-b376-2b652e0acfec,f400239b-499e-4d35-a564-1827d76e8eb9
West,عزبة السلام,عزبة السلام,,EKC,300 BAR,50864517-88ed-44b2-a848-dce19aea3187,e584587a-11e6-407c-a247-9d68013d6514
West,عزبة السلام,عزبة السلام,,EKC,300 BAR,a100342c-dca0-4e92-80f6-e07e0b500cce,e584587a-11e6-407c-a247-9d68013d6514
West,عزبة السلام,عزبة السلام,,EKC,300 BAR,09b1ced2-f249-42be-ae21-08d7fbd7703a,e584587a-11e6-407c-a247-9d68013d6514
West,مساكن أبو بكر,مساكن أبو بكر,,EKC,300 BAR,d16cfda6-d320-435b-b47f-2571b7951d0e,b421c8d0-ad0f-4ea2-b218-06f813a24a2f
West,مساكن أبو بكر,مساكن أبو بكر,,EKC,300 BAR,15e10f31-3f07-423a-aa45-d3e7843e67d7,b421c8d0-ad0f-4ea2-b218-06f813a24a2f
West,مساكن أبو بكر,مساكن أبو بكر,,EKC,300 BAR,d1a672ad-5d28-4dd6-b863-e4c2517e9ba9,b421c8d0-ad0f-4ea2-b218-06f813a24a2f
