المنطقة,المحطة,الـ Unit,الكومبريسور,خزانات حقيقية في المحطة,عدد الريليفات عليه,سيريالات الريليفات,الشركة المصنعة (الحقيقي),الموديل / النوع,السيريال,السعة,ضغط التشغيل,ملاحظات,vessel_id
Alex,ابو المطامير كتكوت,ابو المطامير كتكوت, ,0,3,(بدون) | (بدون) | (بدون),,,,,,,52d49030-9b30-4d69-b95f-af8cb6306dd2
Alex,الجلاء,الجلاء, KWANGSHIN,0,3,(بدون) | (بدون) | (بدون),,,,,,,2207094f-bcf4-47a3-aa31-a5c4fe93119f
Alex,الدخيله,الدخيله, ANGI,0,3,39834 | 42784 | 79577,,,,,,,b32a4062-00cf-44f5-8125-ac44da88579e
Alex,العطف المحموديه,العطف المحموديه, SAFE,0,3,21-03022 | 21-03161 | 21-03588,,,,,,,181c617b-eccd-41be-9c78-52bb45047a45
Alex,العلمين,العلمين 1, ,0,3,(بدون) | (بدون) | (بدون),,,,,,,6451b4d0-fcf5-4764-a0c4-2591188f874f
Alex,النوباريه,النوباريه 57, ,1,1,(بدون),,,,,,,84d73d4f-79bd-4abd-87e5-8da1f583ec47
Alex,خيريبتا,خيريبتا, ,0,3,(بدون) | (بدون) | (بدون),,,,,,,2b341b51-9942-42ca-b9af-4016a3896398
Alex,سيدي بشر,سيدي بشر 1, ANGI,0,4,1646842 | 529136 | 530759 | 530762,,,,,,,1ddc4c54-8c03-4582-85ca-cbcfa05052a5
Alex,سيدي بشر,سيدي بشر 2, ANGI,0,5,121351 | 24960 | 517928 | 62020 | 99778,,,,,,,4160ab88-cbe8-47f6-99e5-942f4b19181f
Alex,غيط العنب,غيط العنب 1, ,0,3,(بدون) | (بدون) | (بدون),,,,,,,ed0fa84c-ab07-48a5-bc1d-43d91365f3a5
Alex,كينج مريوط,كينج مريوط, GALILEO,0,3,(بدون) | (بدون) | (بدون),,,,,,,e154db64-03ef-495c-9fdb-4b7c53c90933
Alex,محرم بك,محرم بك 1, IMW,0,4,1207798 | 1614540 | 1628661 | 1709578,,,,,,,91f17d2d-521d-421e-b6c7-28537a9eac1b
Alex,موبيل العوايد,موبيل العوايد, ,0,6,1237083 | 530 | 62009 | 62022 | 79597 | 84123,,,,,,,019bb6a7-fa39-47c0-8a8f-0383a77683d7
Canal,التعاون شرم الشيخ,التعاون شرم الشيخ, Galileo,0,3,(بدون) | (بدون) | (بدون),,,,,,,330d9822-b521-4434-af8b-467358c6f94f
Canal,المساعيد 1 (العريش),المساعيد 1 (العريش), ,0,3,(بدون) | (بدون) | (بدون),,,,,,,a23d3631-4dd2-405e-92f9-44435cd2d975
Canal,المساعيد 2 (العريش),المساعيد 2 (العريش), ,0,3,(بدون) | (بدون) | (بدون),,,,,,,3df0e6d8-80b5-4084-90fa-f7c20fcac9c4
Canal,النافوره (العريش),النافوره (العريش), ,0,3,1621378 | 1646845 | 668304,,,,,,,152d376e-1b6b-4715-92fd-af0ca2928f94
Canal,كفر الواسطي,كفر الواسطي, ,0,2,265089 | 265296,,,,,,,a3e4de7a-1dee-4b48-9fa3-74d4cdad8f06
Canal,موبيل شرم الشيخ,موبيل شرم الشيخ, ,0,3,(بدون) | (بدون) | (بدون),,,,,,,ccc7ce34-0c37-4af5-b0dc-44ed7fd16110
Canal,وطنيه شرم الشيخ,وطنيه شرم الشيخ, KWANGSHIN,0,3,(بدون) | (بدون) | (بدون),,,,,,,78006748-254e-4c8a-b5fd-44092a7f4b60
Canal,وطنيه عز الدين,وطنيه عز الدين, ,0,3,(بدون) | (بدون) | (بدون),,,,,,,39594c2e-0713-4eab-8cea-81d0c6402a6b
Delta,أتــريب / بنــها 1,أتــريب / بنــها 1, ANGI,0,4,1608277 | 1608278 | 1608279 | 94272,,,,,,,ea82f317-388d-45f0-a351-bff054fc986a
Delta,الدراســـات / المنصــوره 2,الدراســـات / المنصــوره 2, ANGI,0,6,39824 | 546 | 79586 | 94268 | 94339 | 94340,,,,,,,32b9742a-e9d9-4855-96b4-4ae2ce0d361e
Delta,العيادية / شربين,العيادية / شربين, ,0,2,264856 | 264980,,,,,,,1e0e671a-9654-4362-874f-edfe41bf3eee
Delta,النخلة / المنصــورة 1,النخلة / المنصــورة 1, ANGI,0,5,62021 | 79593 | 79594 | 94277 | a98967,,,,,,,f327b961-b210-46c3-acf9-0ba903d47328
Delta,بريما / السادات 3,بريما / السادات 3, KWANGSHIN,0,3,(بدون) | (بدون) | (بدون),,,,,,,a311135d-14a6-41a9-b362-2c295ba74d2f
Delta,بلبيس الحصان,بلبيس الحصان, ,0,2,264640 | 265014,,,,,,,05262a3a-489c-4cf5-90b2-204b26a4f044
Delta,ثنــاء المندوة / طنــطا 1,ثنــاء المندوة / طنــطا 1, ANGI,0,6,1237082 | 1409043 | 1465501 | 518360 | 62012 | 91237,,,,,,,bdb2a6c2-acd4-4697-9dcc-ae9cdf80e492
Delta,حي الورش/ السادات 4,حي الورش/ السادات 4, ,0,4,264645 | 264669 | 264836 | 264936,,,,,,,d781559d-df1c-413d-b1d6-ec87da977d63
Delta,عزبة مختار,عزبة مختار, CUBOGAS,0,3,21-02958 | 21-03000 | 21-03875,,,,,,,19d275ef-76fe-41a0-8aaf-7973074c4261
Delta,علي زكي / الزقازيــق 1,علي زكي / الزقازيــق 1, SAFE,0,3,1610404 | 1621394 | 1709586,,,,,,,afad02d1-7bcc-428f-a31c-1faabdba0c52
Delta,قطور / امال,قطور / امال, KWANGSHIN,0,3,21-03033 | 21-03056 | 21-03070,,,,,,,f093cc1a-94b2-464e-9762-b4adbf195482
Delta,مجمـع المواقف / شــبين الكوم 1,مجمـع المواقف / شــبين الكوم 1, ANGI,0,3,1237085 | 520 | 79596,,,,,,,3a5b4e93-b160-46b9-b65c-46312e83bb02
Delta,ميت جابر المعاهدة,ميت جابر المعاهدة, ,0,3,21-03805 | 21-03894 | 21-03900,,,,,,,845b1ff8-d376-4197-b753-3e61dfb44d12
Delta,هيهيا الجديدة / نجوان,هيهيا الجديدة / نجوان, KWANGSHIN,0,3,(بدون) | (بدون) | (بدون),,,,,,,caecb85a-ad80-4e85-9903-aa5e60f3ec83
East,آل حكيم العاشر,آل حكيم العاشر, ,0,3,(بدون) | (بدون) | (بدون),,,,,,,da997631-3286-434f-b0f1-60efe36ba4dc
East,الاوسطى,الاوسطى, ,0,3,21-03028 | 21-03621 | 24-03586,,,,,,,2db2030c-8801-4876-9357-a1563b7e9083
East,التجمع,التجمع 1, KWANGSHIN,0,4,302627 | 302628 | 302629 | 302630,,,,,,,a49722b1-4343-41a6-beb3-6da14058959d
East,الفردوس,الفردوس 1, GRAF MOTOR,0,3,(بدون) | (بدون) | (بدون),,,,,,,090bd962-aba0-48a5-a7a3-1f6820f77f49
East,الفردوس,الفردوس 2, GRAF MOTOR,0,3,(بدون) | (بدون) | (بدون),,,,,,,37c275bd-97b1-46bf-bef2-61cd629836f8
East,القطامية إسو,القطامية إسو 1, ASPRO,0,3,1237084 | 1608269 | 1608273,,,,,,,dc895d14-e9fb-4672-9c82-adeadfa79e6f
East,القطامية جراج,القطامية جراج 2, ANGI,0,3,39840 | 42786 | 79567,,,,,,,8d678536-9293-473c-b821-15d87a212833
East,الماظة,الماظة 1, FORNOVO,0,3,(بدون) | (بدون) | (بدون),,,,,,,88b1d76f-d7d1-4caa-9668-1324da1137e5
East,الماظة,الماظة 2, ANGI,0,6,25005 | 29972 | 39122 | 436248 | 518365 | a79406,,,,,,,ad970aba-fe02-490c-91b6-750f1549492b
East,جاردينيا,جاردينيا 1, SAFE,0,3,36150 | 543 | 79590,,,,,,,55089893-ee9c-4364-9475-3aa596a90ef7
East,شبرا,شبرا 1, ANGI,0,5,25006 | 25009 | 25010 | a70608 | a75605,,,,,,,a077816f-ed2b-478b-aef7-03bf2bf2318e
East,شبرا,شبرا 3, CUBO,0,3,(بدون) | (بدون) | (بدون),,,,,,,b6458e33-dba1-42ea-abde-b74a770f11a4
East,شبرا,شبرا 4, Galileo,0,3,(بدون) | (بدون) | (بدون),,,,,,,9b5ad614-e5c4-4a32-9f83-90e31028d13f
East,صقر قريش,صقر قريش 2, GRAF MOTOR,0,2,264652 | 265196,,,,,,,b7e950bd-23bb-4e6b-897e-0fc6c62e9e3d
East,موبيل 15 مايو,موبيل 15 مايو 1, GRAF MOTOR,0,3,264576 | 265139 | 265159,,,,,,,d8a90d97-59d2-45f2-a1ec-814bc8994e6c
East,موبيل-العاشر الجديدة,موبيل-العاشر الجديدة, ,0,3,21-02973 | 21-03673 | 22-00093,,,,,,,aa3a2de0-d8ae-43b8-9e7c-4715014048f9
East,نفق العبور,نفق العبور 1, GRAF MOTOR,0,6,(بدون) | (بدون) | (بدون) | (بدون) | (بدون) | (بدون),,,,,,,c5c2ee40-80af-4073-a287-95932080df68
East,نفق العبور,نفق العبور 2, KWANGSHIN,0,6,(بدون) | (بدون) | (بدون) | (بدون) | (بدون) | (بدون),,,,,,,d3649262-3cc6-4c35-9f66-abfee7fa7035
Upper,ابنوب,ابنوب, Galileo,0,3,21-03166 | 21-03822 | 21-03893,,,,,,,95681190-e76f-4621-bc6b-77176484b05f
Upper,اطلس اسوان,اطلس اسوان, KWANGSHIN,0,3,1614529 | 1621369 | 1621388,,,,,,,a41a31fe-5a34-463b-8932-b1fad483ee2e
Upper,السليين,السليين, Safe,0,4,1610403 | 1610415 | 1621393 | 512763,,,,,,,70c1763f-a079-4b87-a199-404b3b999699
Upper,الشنطور,الشنطور, SAFE,0,3,21-03832 | 21-03885 | 21-03891,,,,,,,9fbe0260-63c2-4b30-aa37-e3377f8f446b
Upper,الغردقه الضوي,الغردقه الضوي, KWANGSHIN,0,2,264630 | 265140,,,,,,,3b2c996c-48f2-4968-81dd-e5b096a625a6
Upper,النيل اخميم,النيل اخميم, ,0,3,21-03631 | 21-03708 | 22-00100,,,,,,,9cfd3582-be7d-45fd-a0ec-03d17f8dd2de
Upper,ايزيس,ايزيس, ,0,2,264902 | 265075,,,,,,,bc463c4b-dfb4-4d32-9cc4-577a49528ee4
Upper,سوهاج الروافع,سوهاج الروافع 2, ,3,3,522 | 62011 | 79566,,,,,,,2bab0c15-2209-4c42-8d62-da4e32749cc8
Upper,شلبي,شلبي, KWANGSHIN,0,2,264928 | 265116,,,,,,,95b265d4-d5f9-43c5-ad11-292a3eb6ad15
West,البراجيل القديمة,البراجيل القديمة, ,0,3,21-03158 | 21-03177 | 21-03181,,,,,,,49602aef-a357-429d-82bb-296312f7fc3d
West,الودي الصف,الودي الصف, ,0,3,(بدون) | (بدون) | (بدون),,,,,,,f400239b-499e-4d35-a564-1827d76e8eb9
West,عزبة السلام,عزبة السلام, ,0,3,(بدون) | (بدون) | (بدون),,,,,,,e584587a-11e6-407c-a247-9d68013d6514
West,مساكن أبو بكر,مساكن أبو بكر, ,0,3,(بدون) | (بدون) | (بدون),,,,,,,b421c8d0-ad0f-4ea2-b218-06f813a24a2f
