المنطقة,المحطة,الـ Unit,اسم الريليفات في الملف,عدد الريليفات,السبب,أقرب أسماء في شيت الخزانات (اقتراح بس),الاسم الصح في الشيت,vessel_id
Alex,كينج مريوط,كينج مريوط,كينج مريوط,3,الاسم مش موجود في الشيت بنفس الكتابة,الكينج مريوط,,e154db64-03ef-495c-9fdb-4b7c53c90933
Alex,موبيل العوايد,موبيل العوايد,موبيل العوايد,6,الاسم مش موجود في الشيت بنفس الكتابة,عوايد - موبيل,,019bb6a7-fa39-47c0-8a8f-0383a77683d7
Canal,وطنيه شرم الشيخ,وطنيه شرم الشيخ,وطنية شرم الشيخ,3,الاسم مش موجود في الشيت بنفس الكتابة,عز الدين وطنية - الاسماعيلية | شرم الشيخ وطنية | شرم الشيخ موبيل,,78006748-254e-4c8a-b5fd-44092a7f4b60
Upper,ابنوب,ابنوب,أبنوب,3,الاسم مش موجود في الشيت بنفس الكتابة,أبنوب أسيوط,,95681190-e76f-4621-bc6b-77176484b05f
Canal,كفر الواسطي,كفر الواسطي,كفر الواسطي,2,الاسم مش موجود في الشيت بنفس الكتابة,,,a3e4de7a-1dee-4b48-9fa3-74d4cdad8f06
Delta,علي زكي / الزقازيــق 1,علي زكي / الزقازيــق 1,الزقــــــازيق 1,3,الاسم مش موجود في الشيت بنفس الكتابة,زقازيق | وطنية / الزقازيق 2 | النقراشي/ الزقازيق 3 | الشيمي/ الزقازيق 4,,afad02d1-7bcc-428f-a31c-1faabdba0c52
Canal,المساعيد 2 (العريش),المساعيد 2 (العريش),المساعيد 2 (العريش),3,الاسم مش موجود في الشيت بنفس الكتابة,العريش المساعيد,,3df0e6d8-80b5-4084-90fa-f7c20fcac9c4
Alex,ابو المطامير كتكوت,ابو المطامير كتكوت,ابو المطامير كتكوت,3,سيريال الخزان اللي في الشيت متسجل بالفعل في السيستم على خزان في محطة تانية (غالبًا نفس المحطة باسم مختلف), ابو المطامير كتكوت,,52d49030-9b30-4d69-b95f-af8cb6306dd2
Alex,الجلاء,الجلاء,الجلاء,3,الاسم مش موجود في الشيت بنفس الكتابة,,,2207094f-bcf4-47a3-aa31-a5c4fe93119f
Canal,وطنيه عز الدين,وطنيه عز الدين,وطنية عز الدين,3,الاسم مش موجود في الشيت بنفس الكتابة,عز الدين | عز الدين وطنية - الاسماعيلية | شرم الشيخ وطنية,,39594c2e-0713-4eab-8cea-81d0c6402a6b
Upper,السليين,السليين,السليين,4,الاسم مش موجود في الشيت بنفس الكتابة,البليانة | الفيوم 2 السليين,,70c1763f-a079-4b87-a199-404b3b999699
Alex,النوباريه,النوباريه 57,النوبارية 57,1,الاسم مش موجود في الشيت بنفس الكتابة,القباري | النوبارية 81 خيري النجار | النوبارية 79,,84d73d4f-79bd-4abd-87e5-8da1f583ec47
Delta,عزبة مختار,عزبة مختار,عزبة مختار,3,الاسم مش موجود في الشيت بنفس الكتابة,,,19d275ef-76fe-41a0-8aaf-7973074c4261
Alex,الدخيله,الدخيله,الدخيلة,3,الاسم مش موجود في الشيت بنفس الكتابة,الداخلية,,b32a4062-00cf-44f5-8125-ac44da88579e
Alex,محرم بك,محرم بك 1,محرم بك 1,4,سيريال الخزان اللي في الشيت متسجل بالفعل في السيستم على خزان في محطة تانية (غالبًا نفس المحطة باسم مختلف), محرم بك 1,,91f17d2d-521d-421e-b6c7-28537a9eac1b
Alex,العلمين,العلمين 1,العلمين 1,3,الاسم مش موجود في الشيت بنفس الكتابة,العجمي 1 | العجمي 2 | العجمي 3 | شل أوت العلمين ,,6451b4d0-fcf5-4764-a0c4-2591188f874f
Alex,سيدي بشر,سيدي بشر 2,سيدي بشر2,5,الاسم مش موجود في الشيت بنفس الكتابة,سيدي بشر,,4160ab88-cbe8-47f6-99e5-942f4b19181f
Upper,النيل اخميم,النيل اخميم,النيل أخميم,3,الاسم مش موجود في الشيت بنفس الكتابة,أخميم النيل,,9cfd3582-be7d-45fd-a0ec-03d17f8dd2de
Delta,الدراســـات / المنصــوره 2,الدراســـات / المنصــوره 2,الدراســات / المنصــورة 2,6,الاسم مش موجود في الشيت بنفس الكتابة,الثلاجة/ المنصورة 6,,32b9742a-e9d9-4855-96b4-4ae2ce0d361e
Upper,ايزيس,ايزيس,ايزيس,2,الاسم مش موجود في الشيت بنفس الكتابة,الأقصر 2 (إيزيس),,bc463c4b-dfb4-4d32-9cc4-577a49528ee4
Delta,مجمـع المواقف / شــبين الكوم 1,مجمـع المواقف / شــبين الكوم 1,مجمع المواقف / شــبين الكوم 1,3,الاسم مش موجود في الشيت بنفس الكتابة,التقوي / شبين الكوم 2 | النور الحديثه/ شبين الكوم 3 | شنوان / شبين الكوم 4 | صبري ابو علم/ شبين الكوم 5,,3a5b4e93-b160-46b9-b65c-46312e83bb02
Upper,الغردقه الضوي,الغردقه الضوي,الغردقة الضوي,2,الاسم مش موجود في الشيت بنفس الكتابة,الغردقة النجدة 1 | الغردقة النجدة 2 | الغردقة القديمة (الضوي 1) | الغردقة 2 (الكوثر),,3b2c996c-48f2-4968-81dd-e5b096a625a6
Upper,اطلس اسوان,اطلس اسوان,اطلس أسوان,3,الاسم مش موجود في الشيت بنفس الكتابة,أسوان 3,,a41a31fe-5a34-463b-8932-b1fad483ee2e
Delta,النخلة / المنصــورة 1,النخلة / المنصــورة 1,النخلـــــــة / المنصــورة 1,5,الاسم مش موجود في الشيت بنفس الكتابة,منصورة 1 | الثلاجة/ المنصورة 6,,f327b961-b210-46c3-acf9-0ba903d47328
Delta,بريما / السادات 3,بريما / السادات 3,بريما / السادات 3,3,الاسم مش موجود في الشيت بنفس الكتابة,وطنية/ السادات 1 | بريما /السادات 2,,a311135d-14a6-41a9-b362-2c295ba74d2f
Alex,خيريبتا,خيريبتا,خيريبتا,3,الاسم مش موجود في الشيت بنفس الكتابة,,,2b341b51-9942-42ca-b9af-4016a3896398
Delta,هيهيا الجديدة / نجوان,هيهيا الجديدة / نجوان,هيهيا الجديدة / نجـــــوان,3,الاسم مش موجود في الشيت بنفس الكتابة,,,caecb85a-ad80-4e85-9903-aa5e60f3ec83
Canal,التعاون شرم الشيخ,التعاون شرم الشيخ,التعاون شرم الشيخ,3,الاسم مش موجود في الشيت بنفس الكتابة,شرم الشيخ التعاون,,330d9822-b521-4434-af8b-467358c6f94f
Delta,ميت جابر المعاهدة,ميت جابر المعاهدة,ميت جابر المعاهدة,3,الاسم مش موجود في الشيت بنفس الكتابة,,,845b1ff8-d376-4197-b753-3e61dfb44d12
Alex,العطف المحموديه,العطف المحموديه,العطف المحمودية,3,سيريال الخزان اللي في الشيت متسجل بالفعل في السيستم على خزان في محطة تانية (غالبًا نفس المحطة باسم مختلف),العطف المحمودية ,,181c617b-eccd-41be-9c78-52bb45047a45
Upper,الشنطور,الشنطور,الشنطور,3,الاسم مش موجود في الشيت بنفس الكتابة,شنطور | الفشن 1 | الفشن 2,,9fbe0260-63c2-4b30-aa37-e3377f8f446b
Delta,أتــريب / بنــها 1,أتــريب / بنــها 1,أتريب / بنهـــا 1,4,الاسم مش موجود في الشيت بنفس الكتابة,,,ea82f317-388d-45f0-a351-bff054fc986a
Alex,غيط العنب,غيط العنب 1,غيط العنب 1,3,سيريال الخزان اللي في الشيت متسجل بالفعل في السيستم على خزان في محطة تانية (غالبًا نفس المحطة باسم مختلف), غيط العنب 1,,ed0fa84c-ab07-48a5-bc1d-43d91365f3a5
Canal,موبيل شرم الشيخ,موبيل شرم الشيخ,موبيل شرم الشيخ,3,الاسم مش موجود في الشيت بنفس الكتابة,عز الدين موبيل 2 | شرم الشيخ وطنية | شرم الشيخ موبيل,,ccc7ce34-0c37-4af5-b0dc-44ed7fd16110
Alex,سيدي بشر,سيدي بشر 1,سيدي بشر1,4,الاسم مش موجود في الشيت بنفس الكتابة,سيدي بشر,,1ddc4c54-8c03-4582-85ca-cbcfa05052a5
Canal,النافوره (العريش),النافوره (العريش),النافورة  (العريش),3,الاسم مش موجود في الشيت بنفس الكتابة,العريش النافورة 2,,152d376e-1b6b-4715-92fd-af0ca2928f94
Canal,المساعيد 1 (العريش),المساعيد 1 (العريش),المساعيد 1 (العريش),3,الاسم مش موجود في الشيت بنفس الكتابة,العريش المساعيد,,a23d3631-4dd2-405e-92f9-44435cd2d975
Upper,شلبي,شلبي,شلبي,2,الاسم مش موجود في الشيت بنفس الكتابة,المنيا (شلبي),,95b265d4-d5f9-43c5-ad11-292a3eb6ad15
Delta,ثنــاء المندوة / طنــطا 1,ثنــاء المندوة / طنــطا 1,ثنــاء المندوة / طنــطا 1,6,الاسم مش موجود في الشيت بنفس الكتابة,ثناء المندوة/ طنطا 2,,bdb2a6c2-acd4-4697-9dcc-ae9cdf80e492
East,موبيل-العاشر الجديدة,موبيل-العاشر الجديدة,موبيل العاشر,3,الاسم مش موجود في الشيت بنفس الكتابة,الحي العاشر  1 | الحي العاشر  2 | موبيل العاشر الجديدة (الشيوي) | موبيل عين شمس,,aa3a2de0-d8ae-43b8-9e7c-4715014048f9
Delta,العيادية / شربين,العيادية / شربين,العيادية / شربين,2,الاسم مش موجود في الشيت بنفس الكتابة,,,1e0e671a-9654-4362-874f-edfe41bf3eee
West,الودي الصف,الودي الصف,الودي الصف,3,الاسم مش موجود في الشيت بنفس الكتابة,أوتوستراد الصف,,f400239b-499e-4d35-a564-1827d76e8eb9
West,مساكن أبو بكر,مساكن أبو بكر,مساكن أبو بكر,3,الاسم مش موجود في الشيت بنفس الكتابة,,,b421c8d0-ad0f-4ea2-b218-06f813a24a2f
West,البراجيل القديمة,البراجيل القديمة,البراجيل القديمة,3,الاسم مش موجود في الشيت بنفس الكتابة,,,49602aef-a357-429d-82bb-296312f7fc3d
West,عزبة السلام,عزبة السلام,عزبة السلام,3,الاسم مش موجود في الشيت بنفس الكتابة,,,e584587a-11e6-407c-a247-9d68013d6514
Delta,بلبيس الحصان,بلبيس الحصان,بلبيس الحصان,2,الاسم مش موجود في الشيت بنفس الكتابة,,,05262a3a-489c-4cf5-90b2-204b26a4f044
Upper,سوهاج الروافع,سوهاج الروافع 2,سوهاج الروافع 1&2,3,الاسم مش موجود في الشيت بنفس الكتابة,سوهاج الروافع | قسم ثان سوهاج,,2bab0c15-2209-4c42-8d62-da4e32749cc8
Delta,حي الورش/ السادات 4,حي الورش/ السادات 4,حي الورش/ السادات 4,4,الاسم مش موجود في الشيت بنفس الكتابة,الكيلو 84/ السادات 2 | بريما /السادات 2,,d781559d-df1c-413d-b1d6-ec87da977d63
